Time,Device,tps,kB_read/s,kB_wrtn/s,kB_dscd/s,kB_read,kB_wrtn,kB_dscd,%user,%nice,%system,%iowait,%steal,%idle
2024-11-01 18:26:17,loop0,0.00,0.00,0.00,0.00,0.00,1.00,0.00,6.46,0.01,5.85,0.06,0.00,87.62
2024-11-01 18:26:17,loop1,0.00,0.00,0.00,0.00,0.10,2.86,0.00,6.46,0.01,5.85,0.06,0.00,87.62
2024-11-01 18:26:17,loop10,0.00,0.06,0.00,0.00,2.02,21.35,0.00,6.46,0.01,5.85,0.06,0.00,87.62
2024-11-01 18:26:17,loop11,0.00,0.00,0.00,0.00,0.06,1.75,0.00,6.46,0.01,5.85,0.06,0.00,87.62
2024-11-01 18:26:17,loop12,0.01,0.50,0.00,0.00,1.24,48.81,0.00,6.46,0.01,5.85,0.06,0.00,87.62
2024-11-01 18:26:17,loop13,0.00,0.00,0.00,0.00,0.09,2.14,0.00,6.46,0.01,5.85,0.06,0.00,87.62
2024-11-01 18:26:17,loop14,0.00,0.05,0.00,0.00,1.33,20.26,0.00,6.46,0.01,5.85,0.06,0.00,87.62
2024-11-01 18:26:17,loop15,0.00,0.00,0.00,0.00,0.11,3.89,0.00,6.46,0.01,5.85,0.06,0.00,87.62
2024-11-01 18:26:17,loop16,0.00,0.00,0.00,0.00,0.00,1.43,0.00,6.46,0.01,5.85,0.06,0.00,87.62
2024-11-01 18:26:17,loop17,0.00,0.00,0.00,0.00,0.00,1.33,0.00,6.46,0.01,5.85,0.06,0.00,87.62
2024-11-01 18:26:17,loop18,0.02,1.17,0.00,0.00,14.08,60.17,0.00,6.46,0.01,5.85,0.06,0.00,87.62
2024-11-01 18:26:17,loop19,0.00,0.00,0.00,0.00,0.00,1.22,0.00,6.46,0.01,5.85,0.06,0.00,87.62
2024-11-01 18:26:17,loop2,0.00,0.00,0.00,0.00,0.03,10.85,0.00,6.46,0.01,5.85,0.06,0.00,87.62
2024-11-01 18:26:17,loop20,0.00,0.01,0.00,0.00,18.39,41.01,0.00,6.46,0.01,5.85,0.06,0.00,87.62
2024-11-01 18:26:17,loop21,0.00,0.00,0.00,0.00,0.11,2.05,0.00,6.46,0.01,5.85,0.06,0.00,87.62
2024-11-01 18:26:17,loop22,0.00,0.02,0.00,0.00,0.06,10.89,0.00,6.46,0.01,5.85,0.06,0.00,87.62
2024-11-01 18:26:17,loop23,0.00,0.00,0.00,0.00,0.11,1.67,0.00,6.46,0.01,5.85,0.06,0.00,87.62
2024-11-01 18:26:17,loop24,0.02,0.35,0.00,0.00,1.02,18.66,0.00,6.46,0.01,5.85,0.06,0.00,87.62
2024-11-01 18:26:17,loop25,0.00,0.00,0.00,0.00,0.11,1.44,0.00,6.46,0.01,5.85,0.06,0.00,87.62
2024-11-01 18:26:17,loop26,0.00,0.00,0.00,0.00,0.11,1.94,0.00,6.46,0.01,5.85,0.06,0.00,87.62
2024-11-01 18:26:17,loop27,0.02,0.06,0.00,0.00,0.01,2.78,0.00,6.46,0.01,5.85,0.06,0.00,87.62
2024-11-01 18:26:17,loop28,0.00,0.00,0.00,0.00,0.07,2.14,0.00,6.46,0.01,5.85,0.06,0.00,87.62
2024-11-01 18:26:17,loop29,0.03,1.31,0.00,0.00,2.78,37.63,0.00,6.46,0.01,5.85,0.06,0.00,87.62
2024-11-01 18:26:17,loop3,0.00,0.00,0.00,0.00,0.10,16.05,0.00,6.46,0.01,5.85,0.06,0.00,87.62
2024-11-01 18:26:17,loop30,0.00,0.00,0.00,0.00,0.00,1.33,0.00,6.46,0.01,5.85,0.06,0.00,87.62
2024-11-01 18:26:17,loop31,0.00,0.00,0.00,0.00,0.05,2.23,0.00,6.46,0.01,5.85,0.06,0.00,87.62
2024-11-01 18:26:17,loop32,0.00,0.00,0.00,0.00,0.05,3.95,0.00,6.46,0.01,5.85,0.06,0.00,87.62
2024-11-01 18:26:17,loop33,0.00,0.00,0.00,0.00,0.16,4.05,0.00,6.46,0.01,5.85,0.06,0.00,87.62
2024-11-01 18:26:17,loop34,0.00,0.00,0.00,0.00,0.00,1.33,0.00,6.46,0.01,5.85,0.06,0.00,87.62
2024-11-01 18:26:17,loop35,0.00,0.00,0.00,0.00,0.11,1.61,0.00,6.46,0.01,5.85,0.06,0.00,87.62
2024-11-01 18:26:17,loop36,0.00,0.00,0.00,0.00,0.00,1.33,0.00,6.46,0.01,5.85,0.06,0.00,87.62
2024-11-01 18:26:17,loop37,0.04,0.91,0.00,0.00,0.15,25.34,0.00,6.46,0.01,5.85,0.06,0.00,87.62
2024-11-01 18:26:17,loop38,0.00,0.00,0.00,0.00,0.06,1.94,0.00,6.46,0.01,5.85,0.06,0.00,87.62
2024-11-01 18:26:17,loop39,0.00,0.00,0.00,0.00,0.03,2.12,0.00,6.46,0.01,5.85,0.06,0.00,87.62
2024-11-01 18:26:17,loop4,0.00,0.00,0.00,0.00,0.06,2.06,0.00,6.46,0.01,5.85,0.06,0.00,87.62
2024-11-01 18:26:17,loop40,0.00,0.00,0.00,0.00,0.00,1.10,0.00,6.46,0.01,5.85,0.06,0.00,87.62
2024-11-01 18:26:17,loop41,0.01,0.34,0.00,0.00,1.40,35.06,0.00,6.46,0.01,5.85,0.06,0.00,87.62
2024-11-01 18:26:17,loop42,0.00,0.00,0.00,0.00,0.03,1.62,0.00,6.46,0.01,5.85,0.06,0.00,87.62
2024-11-01 18:26:17,loop43,0.00,0.00,0.00,0.00,0.08,2.52,0.00,6.46,0.01,5.85,0.06,0.00,87.62
2024-11-01 18:26:17,loop44,0.00,0.00,0.00,0.00,0.29,2.81,0.00,6.46,0.01,5.85,0.06,0.00,87.62
2024-11-01 18:26:17,loop45,0.00,0.00,0.00,0.00,0.06,1.56,0.00,6.46,0.01,5.85,0.06,0.00,87.62
2024-11-01 18:26:17,loop46,0.00,0.00,0.00,0.00,0.00,1.44,0.00,6.46,0.01,5.85,0.06,0.00,87.62
2024-11-01 18:26:17,loop47,0.00,0.00,0.00,0.00,0.00,1.22,0.00,6.46,0.01,5.85,0.06,0.00,87.62
2024-11-01 18:26:17,loop48,0.00,0.01,0.00,0.00,6.35,20.57,0.00,6.46,0.01,5.85,0.06,0.00,87.62
2024-11-01 18:26:17,loop49,0.00,0.00,0.00,0.00,0.00,1.33,0.00,6.46,0.01,5.85,0.06,0.00,87.62
2024-11-01 18:26:17,loop5,0.00,0.00,0.00,0.00,0.00,1.33,0.00,6.46,0.01,5.85,0.06,0.00,87.62
2024-11-01 18:26:17,loop50,0.00,0.01,0.00,0.00,0.19,36.05,0.00,6.46,0.01,5.85,0.06,0.00,87.62
2024-11-01 18:26:17,loop51,0.00,0.00,0.00,0.00,0.00,1.22,0.00,6.46,0.01,5.85,0.06,0.00,87.62
2024-11-01 18:26:17,loop52,0.00,0.00,0.00,0.00,0.10,20.08,0.00,6.46,0.01,5.85,0.06,0.00,87.62
2024-11-01 18:26:17,loop53,0.01,0.11,0.00,0.00,0.04,12.62,0.00,6.46,0.01,5.85,0.06,0.00,87.62
2024-11-01 18:26:17,loop54,0.00,0.00,0.00,0.00,0.05,6.48,0.00,6.46,0.01,5.85,0.06,0.00,87.62
2024-11-01 18:26:17,loop55,0.00,0.02,0.00,0.00,2.39,20.37,0.00,6.46,0.01,5.85,0.06,0.00,87.62
2024-11-01 18:26:17,loop56,0.00,0.00,0.00,0.00,0.00,3.07,0.00,6.46,0.01,5.85,0.06,0.00,87.62
2024-11-01 18:26:17,loop6,0.00,0.01,0.00,0.00,0.05,13.03,0.00,6.46,0.01,5.85,0.06,0.00,87.62
2024-11-01 18:26:17,loop7,0.06,0.34,0.00,0.00,0.34,5.83,0.00,6.46,0.01,5.85,0.06,0.00,87.62
2024-11-01 18:26:17,loop8,0.00,0.00,0.00,0.00,0.06,1.75,0.00,6.46,0.01,5.85,0.06,0.00,87.62
2024-11-01 18:26:17,loop9,0.00,0.00,0.00,0.00,0.24,9.63,0.00,6.46,0.01,5.85,0.06,0.00,87.62
2024-11-01 18:26:17,nvme0n1,4.44,131.83,0.85,16.13,0.16,29.70,102.91,6.46,0.01,5.85,0.06,0.00,87.62
2024-11-01 18:26:17,nvme1n1,0.00,0.01,0.00,0.00,0.17,27.36,0.00,6.46,0.01,5.85,0.06,0.00,87.62
2024-11-01 18:26:18,loop0,0.00,0.00,0.00,0.00,0.00,0.00,0.00,8.91,0.19,6.37,0.00,0.00,84.53
2024-11-01 18:26:18,loop1,0.00,0.00,0.00,0.00,0.00,0.00,0.00,8.91,0.19,6.37,0.00,0.00,84.53
2024-11-01 18:26:18,loop10,0.00,0.00,0.00,0.00,0.00,0.00,0.00,8.91,0.19,6.37,0.00,0.00,84.53
2024-11-01 18:26:18,loop11,0.00,0.00,0.00,0.00,0.00,0.00,0.00,8.91,0.19,6.37,0.00,0.00,84.53
2024-11-01 18:26:18,loop12,0.00,0.00,0.00,0.00,0.00,0.00,0.00,8.91,0.19,6.37,0.00,0.00,84.53
2024-11-01 18:26:18,loop13,0.00,0.00,0.00,0.00,0.00,0.00,0.00,8.91,0.19,6.37,0.00,0.00,84.53
2024-11-01 18:26:18,loop14,0.00,0.00,0.00,0.00,0.00,0.00,0.00,8.91,0.19,6.37,0.00,0.00,84.53
2024-11-01 18:26:18,loop15,0.00,0.00,0.00,0.00,0.00,0.00,0.00,8.91,0.19,6.37,0.00,0.00,84.53
2024-11-01 18:26:18,loop16,0.00,0.00,0.00,0.00,0.00,0.00,0.00,8.91,0.19,6.37,0.00,0.00,84.53
2024-11-01 18:26:18,loop17,0.00,0.00,0.00,0.00,0.00,0.00,0.00,8.91,0.19,6.37,0.00,0.00,84.53
2024-11-01 18:26:18,loop18,0.00,0.00,0.00,0.00,0.00,0.00,0.00,8.91,0.19,6.37,0.00,0.00,84.53
2024-11-01 18:26:18,loop19,0.00,0.00,0.00,0.00,0.00,0.00,0.00,8.91,0.19,6.37,0.00,0.00,84.53
2024-11-01 18:26:18,loop2,0.00,0.00,0.00,0.00,0.00,0.00,0.00,8.91,0.19,6.37,0.00,0.00,84.53
2024-11-01 18:26:18,loop20,0.00,0.00,0.00,0.00,0.00,0.00,0.00,8.91,0.19,6.37,0.00,0.00,84.53
2024-11-01 18:26:18,loop21,0.00,0.00,0.00,0.00,0.00,0.00,0.00,8.91,0.19,6.37,0.00,0.00,84.53
2024-11-01 18:26:18,loop22,0.00,0.00,0.00,0.00,0.00,0.00,0.00,8.91,0.19,6.37,0.00,0.00,84.53
2024-11-01 18:26:18,loop23,0.00,0.00,0.00,0.00,0.00,0.00,0.00,8.91,0.19,6.37,0.00,0.00,84.53
2024-11-01 18:26:18,loop24,0.00,0.00,0.00,0.00,0.00,0.00,0.00,8.91,0.19,6.37,0.00,0.00,84.53
2024-11-01 18:26:18,loop25,0.00,0.00,0.00,0.00,0.00,0.00,0.00,8.91,0.19,6.37,0.00,0.00,84.53
2024-11-01 18:26:18,loop26,0.00,0.00,0.00,0.00,0.00,0.00,0.00,8.91,0.19,6.37,0.00,0.00,84.53
2024-11-01 18:26:18,loop27,0.00,0.00,0.00,0.00,0.00,0.00,0.00,8.91,0.19,6.37,0.00,0.00,84.53
2024-11-01 18:26:18,loop28,0.00,0.00,0.00,0.00,0.00,0.00,0.00,8.91,0.19,6.37,0.00,0.00,84.53
2024-11-01 18:26:18,loop29,0.00,0.00,0.00,0.00,0.00,0.00,0.00,8.91,0.19,6.37,0.00,0.00,84.53
2024-11-01 18:26:18,loop3,0.00,0.00,0.00,0.00,0.00,0.00,0.00,8.91,0.19,6.37,0.00,0.00,84.53
2024-11-01 18:26:18,loop30,0.00,0.00,0.00,0.00,0.00,0.00,0.00,8.91,0.19,6.37,0.00,0.00,84.53
2024-11-01 18:26:18,loop31,0.00,0.00,0.00,0.00,0.00,0.00,0.00,8.91,0.19,6.37,0.00,0.00,84.53
2024-11-01 18:26:18,loop32,0.00,0.00,0.00,0.00,0.00,0.00,0.00,8.91,0.19,6.37,0.00,0.00,84.53
2024-11-01 18:26:18,loop33,0.00,0.00,0.00,0.00,0.00,0.00,0.00,8.91,0.19,6.37,0.00,0.00,84.53
2024-11-01 18:26:18,loop34,0.00,0.00,0.00,0.00,0.00,0.00,0.00,8.91,0.19,6.37,0.00,0.00,84.53
2024-11-01 18:26:18,loop35,0.00,0.00,0.00,0.00,0.00,0.00,0.00,8.91,0.19,6.37,0.00,0.00,84.53
2024-11-01 18:26:18,loop36,0.00,0.00,0.00,0.00,0.00,0.00,0.00,8.91,0.19,6.37,0.00,0.00,84.53
2024-11-01 18:26:18,loop37,0.00,0.00,0.00,0.00,0.00,0.00,0.00,8.91,0.19,6.37,0.00,0.00,84.53
2024-11-01 18:26:18,loop38,0.00,0.00,0.00,0.00,0.00,0.00,0.00,8.91,0.19,6.37,0.00,0.00,84.53
2024-11-01 18:26:18,loop39,0.00,0.00,0.00,0.00,0.00,0.00,0.00,8.91,0.19,6.37,0.00,0.00,84.53
2024-11-01 18:26:18,loop4,0.00,0.00,0.00,0.00,0.00,0.00,0.00,8.91,0.19,6.37,0.00,0.00,84.53
2024-11-01 18:26:18,loop40,0.00,0.00,0.00,0.00,0.00,0.00,0.00,8.91,0.19,6.37,0.00,0.00,84.53
2024-11-01 18:26:18,loop41,0.00,0.00,0.00,0.00,0.00,0.00,0.00,8.91,0.19,6.37,0.00,0.00,84.53
2024-11-01 18:26:18,loop42,0.00,0.00,0.00,0.00,0.00,0.00,0.00,8.91,0.19,6.37,0.00,0.00,84.53
2024-11-01 18:26:18,loop43,0.00,0.00,0.00,0.00,0.00,0.00,0.00,8.91,0.19,6.37,0.00,0.00,84.53
2024-11-01 18:26:18,loop44,0.00,0.00,0.00,0.00,0.00,0.00,0.00,8.91,0.19,6.37,0.00,0.00,84.53
2024-11-01 18:26:18,loop45,0.00,0.00,0.00,0.00,0.00,0.00,0.00,8.91,0.19,6.37,0.00,0.00,84.53
2024-11-01 18:26:18,loop46,0.00,0.00,0.00,0.00,0.00,0.00,0.00,8.91,0.19,6.37,0.00,0.00,84.53
2024-11-01 18:26:18,loop47,0.00,0.00,0.00,0.00,0.00,0.00,0.00,8.91,0.19,6.37,0.00,0.00,84.53
2024-11-01 18:26:18,loop48,0.00,0.00,0.00,0.00,0.00,0.00,0.00,8.91,0.19,6.37,0.00,0.00,84.53
2024-11-01 18:26:18,loop49,0.00,0.00,0.00,0.00,0.00,0.00,0.00,8.91,0.19,6.37,0.00,0.00,84.53
2024-11-01 18:26:18,loop5,0.00,0.00,0.00,0.00,0.00,0.00,0.00,8.91,0.19,6.37,0.00,0.00,84.53
2024-11-01 18:26:18,loop50,0.00,0.00,0.00,0.00,0.00,0.00,0.00,8.91,0.19,6.37,0.00,0.00,84.53
2024-11-01 18:26:18,loop51,0.00,0.00,0.00,0.00,0.00,0.00,0.00,8.91,0.19,6.37,0.00,0.00,84.53
2024-11-01 18:26:18,loop52,0.00,0.00,0.00,0.00,0.00,0.00,0.00,8.91,0.19,6.37,0.00,0.00,84.53
2024-11-01 18:26:18,loop53,0.00,0.00,0.00,0.00,0.00,0.00,0.00,8.91,0.19,6.37,0.00,0.00,84.53
2024-11-01 18:26:18,loop54,0.00,0.00,0.00,0.00,0.00,0.00,0.00,8.91,0.19,6.37,0.00,0.00,84.53
2024-11-01 18:26:18,loop55,0.00,0.00,0.00,0.00,0.00,0.00,0.00,8.91,0.19,6.37,0.00,0.00,84.53
2024-11-01 18:26:18,loop56,0.00,0.00,0.00,0.00,0.00,0.00,0.00,8.91,0.19,6.37,0.00,0.00,84.53
2024-11-01 18:26:18,loop6,0.00,0.00,0.00,0.00,0.00,0.00,0.00,8.91,0.19,6.37,0.00,0.00,84.53
2024-11-01 18:26:18,loop7,0.00,0.00,0.00,0.00,0.00,0.00,0.00,8.91,0.19,6.37,0.00,0.00,84.53
2024-11-01 18:26:18,loop8,0.00,0.00,0.00,0.00,0.00,0.00,0.00,8.91,0.19,6.37,0.00,0.00,84.53
2024-11-01 18:26:18,loop9,0.00,0.00,0.00,0.00,0.00,0.00,0.00,8.91,0.19,6.37,0.00,0.00,84.53
2024-11-01 18:26:18,nvme0n1,0.00,0.00,0.00,0.00,0.00,0.00,70.00,8.91,0.19,6.37,0.00,0.00,84.53
2024-11-01 18:26:18,nvme1n1,0.00,0.00,0.00,0.00,0.00,0.00,0.00,8.91,0.19,6.37,0.00,0.00,84.53
2024-11-01 18:26:19,loop0,0.00,0.00,0.00,0.00,0.00,0.00,0.00,11.00,0.00,4.73,0.00,0.00,84.27
2024-11-01 18:26:19,loop1,0.00,0.00,0.00,0.00,0.00,0.00,0.00,11.00,0.00,4.73,0.00,0.00,84.27
2024-11-01 18:26:19,loop10,0.00,0.00,0.00,0.00,0.00,0.00,0.00,11.00,0.00,4.73,0.00,0.00,84.27
2024-11-01 18:26:19,loop11,0.00,0.00,0.00,0.00,0.00,0.00,0.00,11.00,0.00,4.73,0.00,0.00,84.27
2024-11-01 18:26:19,loop12,0.00,0.00,0.00,0.00,0.00,0.00,0.00,11.00,0.00,4.73,0.00,0.00,84.27
2024-11-01 18:26:19,loop13,0.00,0.00,0.00,0.00,0.00,0.00,0.00,11.00,0.00,4.73,0.00,0.00,84.27
2024-11-01 18:26:19,loop14,0.00,0.00,0.00,0.00,0.00,0.00,0.00,11.00,0.00,4.73,0.00,0.00,84.27
2024-11-01 18:26:19,loop15,0.00,0.00,0.00,0.00,0.00,0.00,0.00,11.00,0.00,4.73,0.00,0.00,84.27
2024-11-01 18:26:19,loop16,0.00,0.00,0.00,0.00,0.00,0.00,0.00,11.00,0.00,4.73,0.00,0.00,84.27
2024-11-01 18:26:19,loop17,0.00,0.00,0.00,0.00,0.00,0.00,0.00,11.00,0.00,4.73,0.00,0.00,84.27
2024-11-01 18:26:19,loop18,0.00,0.00,0.00,0.00,0.00,0.00,0.00,11.00,0.00,4.73,0.00,0.00,84.27
2024-11-01 18:26:19,loop19,0.00,0.00,0.00,0.00,0.00,0.00,0.00,11.00,0.00,4.73,0.00,0.00,84.27
2024-11-01 18:26:19,loop2,0.00,0.00,0.00,0.00,0.00,0.00,0.00,11.00,0.00,4.73,0.00,0.00,84.27
2024-11-01 18:26:19,loop20,0.00,0.00,0.00,0.00,0.00,0.00,0.00,11.00,0.00,4.73,0.00,0.00,84.27
2024-11-01 18:26:19,loop21,0.00,0.00,0.00,0.00,0.00,0.00,0.00,11.00,0.00,4.73,0.00,0.00,84.27
2024-11-01 18:26:19,loop22,0.00,0.00,0.00,0.00,0.00,0.00,0.00,11.00,0.00,4.73,0.00,0.00,84.27
2024-11-01 18:26:19,loop23,0.00,0.00,0.00,0.00,0.00,0.00,0.00,11.00,0.00,4.73,0.00,0.00,84.27
2024-11-01 18:26:19,loop24,0.00,0.00,0.00,0.00,0.00,0.00,0.00,11.00,0.00,4.73,0.00,0.00,84.27
2024-11-01 18:26:19,loop25,0.00,0.00,0.00,0.00,0.00,0.00,0.00,11.00,0.00,4.73,0.00,0.00,84.27
2024-11-01 18:26:19,loop26,0.00,0.00,0.00,0.00,0.00,0.00,0.00,11.00,0.00,4.73,0.00,0.00,84.27
2024-11-01 18:26:19,loop27,0.00,0.00,0.00,0.00,0.00,0.00,0.00,11.00,0.00,4.73,0.00,0.00,84.27
2024-11-01 18:26:19,loop28,0.00,0.00,0.00,0.00,0.00,0.00,0.00,11.00,0.00,4.73,0.00,0.00,84.27
2024-11-01 18:26:19,loop29,0.00,0.00,0.00,0.00,0.00,0.00,0.00,11.00,0.00,4.73,0.00,0.00,84.27
2024-11-01 18:26:19,loop3,0.00,0.00,0.00,0.00,0.00,0.00,0.00,11.00,0.00,4.73,0.00,0.00,84.27
2024-11-01 18:26:19,loop30,0.00,0.00,0.00,0.00,0.00,0.00,0.00,11.00,0.00,4.73,0.00,0.00,84.27
2024-11-01 18:26:19,loop31,0.00,0.00,0.00,0.00,0.00,0.00,0.00,11.00,0.00,4.73,0.00,0.00,84.27
2024-11-01 18:26:19,loop32,0.00,0.00,0.00,0.00,0.00,0.00,0.00,11.00,0.00,4.73,0.00,0.00,84.27
2024-11-01 18:26:19,loop33,0.00,0.00,0.00,0.00,0.00,0.00,0.00,11.00,0.00,4.73,0.00,0.00,84.27
2024-11-01 18:26:19,loop34,0.00,0.00,0.00,0.00,0.00,0.00,0.00,11.00,0.00,4.73,0.00,0.00,84.27
2024-11-01 18:26:19,loop35,0.00,0.00,0.00,0.00,0.00,0.00,0.00,11.00,0.00,4.73,0.00,0.00,84.27
2024-11-01 18:26:19,loop36,0.00,0.00,0.00,0.00,0.00,0.00,0.00,11.00,0.00,4.73,0.00,0.00,84.27
2024-11-01 18:26:19,loop37,0.00,0.00,0.00,0.00,0.00,0.00,0.00,11.00,0.00,4.73,0.00,0.00,84.27
2024-11-01 18:26:19,loop38,0.00,0.00,0.00,0.00,0.00,0.00,0.00,11.00,0.00,4.73,0.00,0.00,84.27
2024-11-01 18:26:19,loop39,0.00,0.00,0.00,0.00,0.00,0.00,0.00,11.00,0.00,4.73,0.00,0.00,84.27
2024-11-01 18:26:19,loop4,0.00,0.00,0.00,0.00,0.00,0.00,0.00,11.00,0.00,4.73,0.00,0.00,84.27
2024-11-01 18:26:19,loop40,0.00,0.00,0.00,0.00,0.00,0.00,0.00,11.00,0.00,4.73,0.00,0.00,84.27
2024-11-01 18:26:19,loop41,0.00,0.00,0.00,0.00,0.00,0.00,0.00,11.00,0.00,4.73,0.00,0.00,84.27
2024-11-01 18:26:19,loop42,0.00,0.00,0.00,0.00,0.00,0.00,0.00,11.00,0.00,4.73,0.00,0.00,84.27
2024-11-01 18:26:19,loop43,0.00,0.00,0.00,0.00,0.00,0.00,0.00,11.00,0.00,4.73,0.00,0.00,84.27
2024-11-01 18:26:19,loop44,0.00,0.00,0.00,0.00,0.00,0.00,0.00,11.00,0.00,4.73,0.00,0.00,84.27
2024-11-01 18:26:19,loop45,0.00,0.00,0.00,0.00,0.00,0.00,0.00,11.00,0.00,4.73,0.00,0.00,84.27
2024-11-01 18:26:19,loop46,0.00,0.00,0.00,0.00,0.00,0.00,0.00,11.00,0.00,4.73,0.00,0.00,84.27
2024-11-01 18:26:19,loop47,0.00,0.00,0.00,0.00,0.00,0.00,0.00,11.00,0.00,4.73,0.00,0.00,84.27
2024-11-01 18:26:19,loop48,0.00,0.00,0.00,0.00,0.00,0.00,0.00,11.00,0.00,4.73,0.00,0.00,84.27
2024-11-01 18:26:19,loop49,0.00,0.00,0.00,0.00,0.00,0.00,0.00,11.00,0.00,4.73,0.00,0.00,84.27
2024-11-01 18:26:19,loop5,0.00,0.00,0.00,0.00,0.00,0.00,0.00,11.00,0.00,4.73,0.00,0.00,84.27
2024-11-01 18:26:19,loop50,0.00,0.00,0.00,0.00,0.00,0.00,0.00,11.00,0.00,4.73,0.00,0.00,84.27
2024-11-01 18:26:19,loop51,0.00,0.00,0.00,0.00,0.00,0.00,0.00,11.00,0.00,4.73,0.00,0.00,84.27
2024-11-01 18:26:19,loop52,0.00,0.00,0.00,0.00,0.00,0.00,0.00,11.00,0.00,4.73,0.00,0.00,84.27
2024-11-01 18:26:19,loop53,0.00,0.00,0.00,0.00,0.00,0.00,0.00,11.00,0.00,4.73,0.00,0.00,84.27
2024-11-01 18:26:19,loop54,0.00,0.00,0.00,0.00,0.00,0.00,0.00,11.00,0.00,4.73,0.00,0.00,84.27
2024-11-01 18:26:19,loop55,0.00,0.00,0.00,0.00,0.00,0.00,0.00,11.00,0.00,4.73,0.00,0.00,84.27
2024-11-01 18:26:19,loop56,0.00,0.00,0.00,0.00,0.00,0.00,0.00,11.00,0.00,4.73,0.00,0.00,84.27
2024-11-01 18:26:19,loop6,0.00,0.00,0.00,0.00,0.00,0.00,0.00,11.00,0.00,4.73,0.00,0.00,84.27
2024-11-01 18:26:19,loop7,0.00,0.00,0.00,0.00,0.00,0.00,0.00,11.00,0.00,4.73,0.00,0.00,84.27
2024-11-01 18:26:19,loop8,0.00,0.00,0.00,0.00,0.00,0.00,0.00,11.00,0.00,4.73,0.00,0.00,84.27
2024-11-01 18:26:19,loop9,0.00,0.00,0.00,0.00,0.00,0.00,0.00,11.00,0.00,4.73,0.00,0.00,84.27
2024-11-01 18:26:19,nvme0n1,0.00,0.00,0.00,0.00,0.00,0.00,18.00,11.00,0.00,4.73,0.00,0.00,84.27
2024-11-01 18:26:19,nvme1n1,0.00,0.00,0.00,0.00,0.00,0.00,0.00,11.00,0.00,4.73,0.00,0.00,84.27
2024-11-01 18:26:20,loop0,0.00,0.00,0.00,0.00,0.00,0.00,0.00,9.12,0.13,5.29,0.13,0.00,85.33
2024-11-01 18:26:20,loop1,0.00,0.00,0.00,0.00,0.00,0.00,0.00,9.12,0.13,5.29,0.13,0.00,85.33
2024-11-01 18:26:20,loop10,0.00,0.00,0.00,0.00,0.00,0.00,0.00,9.12,0.13,5.29,0.13,0.00,85.33
2024-11-01 18:26:20,loop11,0.00,0.00,0.00,0.00,0.00,0.00,0.00,9.12,0.13,5.29,0.13,0.00,85.33
2024-11-01 18:26:20,loop12,0.00,0.00,0.00,0.00,0.00,0.00,0.00,9.12,0.13,5.29,0.13,0.00,85.33
2024-11-01 18:26:20,loop13,0.00,0.00,0.00,0.00,0.00,0.00,0.00,9.12,0.13,5.29,0.13,0.00,85.33
2024-11-01 18:26:20,loop14,0.00,0.00,0.00,0.00,0.00,0.00,0.00,9.12,0.13,5.29,0.13,0.00,85.33
2024-11-01 18:26:20,loop15,0.00,0.00,0.00,0.00,0.00,0.00,0.00,9.12,0.13,5.29,0.13,0.00,85.33
2024-11-01 18:26:20,loop16,0.00,0.00,0.00,0.00,0.00,0.00,0.00,9.12,0.13,5.29,0.13,0.00,85.33
2024-11-01 18:26:20,loop17,0.00,0.00,0.00,0.00,0.00,0.00,0.00,9.12,0.13,5.29,0.13,0.00,85.33
2024-11-01 18:26:20,loop18,0.00,0.00,0.00,0.00,0.00,0.00,0.00,9.12,0.13,5.29,0.13,0.00,85.33
2024-11-01 18:26:20,loop19,0.00,0.00,0.00,0.00,0.00,0.00,0.00,9.12,0.13,5.29,0.13,0.00,85.33
2024-11-01 18:26:20,loop2,0.00,0.00,0.00,0.00,0.00,0.00,0.00,9.12,0.13,5.29,0.13,0.00,85.33
2024-11-01 18:26:20,loop20,0.00,0.00,0.00,0.00,0.00,0.00,0.00,9.12,0.13,5.29,0.13,0.00,85.33
2024-11-01 18:26:20,loop21,0.00,0.00,0.00,0.00,0.00,0.00,0.00,9.12,0.13,5.29,0.13,0.00,85.33
2024-11-01 18:26:20,loop22,0.00,0.00,0.00,0.00,0.00,0.00,0.00,9.12,0.13,5.29,0.13,0.00,85.33
2024-11-01 18:26:20,loop23,0.00,0.00,0.00,0.00,0.00,0.00,0.00,9.12,0.13,5.29,0.13,0.00,85.33
2024-11-01 18:26:20,loop24,0.00,0.00,0.00,0.00,0.00,0.00,0.00,9.12,0.13,5.29,0.13,0.00,85.33
2024-11-01 18:26:20,loop25,0.00,0.00,0.00,0.00,0.00,0.00,0.00,9.12,0.13,5.29,0.13,0.00,85.33
2024-11-01 18:26:20,loop26,0.00,0.00,0.00,0.00,0.00,0.00,0.00,9.12,0.13,5.29,0.13,0.00,85.33
2024-11-01 18:26:20,loop27,0.00,0.00,0.00,0.00,0.00,0.00,0.00,9.12,0.13,5.29,0.13,0.00,85.33
2024-11-01 18:26:20,loop28,0.00,0.00,0.00,0.00,0.00,0.00,0.00,9.12,0.13,5.29,0.13,0.00,85.33
2024-11-01 18:26:20,loop29,0.00,0.00,0.00,0.00,0.00,0.00,0.00,9.12,0.13,5.29,0.13,0.00,85.33
2024-11-01 18:26:20,loop3,0.00,0.00,0.00,0.00,0.00,0.00,0.00,9.12,0.13,5.29,0.13,0.00,85.33
2024-11-01 18:26:20,loop30,0.00,0.00,0.00,0.00,0.00,0.00,0.00,9.12,0.13,5.29,0.13,0.00,85.33
2024-11-01 18:26:20,loop31,0.00,0.00,0.00,0.00,0.00,0.00,0.00,9.12,0.13,5.29,0.13,0.00,85.33
2024-11-01 18:26:20,loop32,0.00,0.00,0.00,0.00,0.00,0.00,0.00,9.12,0.13,5.29,0.13,0.00,85.33
2024-11-01 18:26:20,loop33,0.00,0.00,0.00,0.00,0.00,0.00,0.00,9.12,0.13,5.29,0.13,0.00,85.33
2024-11-01 18:26:20,loop34,0.00,0.00,0.00,0.00,0.00,0.00,0.00,9.12,0.13,5.29,0.13,0.00,85.33
2024-11-01 18:26:20,loop35,0.00,0.00,0.00,0.00,0.00,0.00,0.00,9.12,0.13,5.29,0.13,0.00,85.33
2024-11-01 18:26:20,loop36,0.00,0.00,0.00,0.00,0.00,0.00,0.00,9.12,0.13,5.29,0.13,0.00,85.33
2024-11-01 18:26:20,loop37,0.00,0.00,0.00,0.00,0.00,0.00,0.00,9.12,0.13,5.29,0.13,0.00,85.33
2024-11-01 18:26:20,loop38,0.00,0.00,0.00,0.00,0.00,0.00,0.00,9.12,0.13,5.29,0.13,0.00,85.33
2024-11-01 18:26:20,loop39,0.00,0.00,0.00,0.00,0.00,0.00,0.00,9.12,0.13,5.29,0.13,0.00,85.33
2024-11-01 18:26:20,loop4,0.00,0.00,0.00,0.00,0.00,0.00,0.00,9.12,0.13,5.29,0.13,0.00,85.33
2024-11-01 18:26:20,loop40,0.00,0.00,0.00,0.00,0.00,0.00,0.00,9.12,0.13,5.29,0.13,0.00,85.33
2024-11-01 18:26:20,loop41,0.00,0.00,0.00,0.00,0.00,0.00,0.00,9.12,0.13,5.29,0.13,0.00,85.33
2024-11-01 18:26:20,loop42,0.00,0.00,0.00,0.00,0.00,0.00,0.00,9.12,0.13,5.29,0.13,0.00,85.33
2024-11-01 18:26:20,loop43,0.00,0.00,0.00,0.00,0.00,0.00,0.00,9.12,0.13,5.29,0.13,0.00,85.33
2024-11-01 18:26:20,loop44,0.00,0.00,0.00,0.00,0.00,0.00,0.00,9.12,0.13,5.29,0.13,0.00,85.33
2024-11-01 18:26:20,loop45,0.00,0.00,0.00,0.00,0.00,0.00,0.00,9.12,0.13,5.29,0.13,0.00,85.33
2024-11-01 18:26:20,loop46,0.00,0.00,0.00,0.00,0.00,0.00,0.00,9.12,0.13,5.29,0.13,0.00,85.33
2024-11-01 18:26:20,loop47,0.00,0.00,0.00,0.00,0.00,0.00,0.00,9.12,0.13,5.29,0.13,0.00,85.33
2024-11-01 18:26:20,loop48,0.00,0.00,0.00,0.00,0.00,0.00,0.00,9.12,0.13,5.29,0.13,0.00,85.33
2024-11-01 18:26:20,loop49,0.00,0.00,0.00,0.00,0.00,0.00,0.00,9.12,0.13,5.29,0.13,0.00,85.33
2024-11-01 18:26:20,loop5,0.00,0.00,0.00,0.00,0.00,0.00,0.00,9.12,0.13,5.29,0.13,0.00,85.33
2024-11-01 18:26:20,loop50,0.00,0.00,0.00,0.00,0.00,0.00,0.00,9.12,0.13,5.29,0.13,0.00,85.33
2024-11-01 18:26:20,loop51,0.00,0.00,0.00,0.00,0.00,0.00,0.00,9.12,0.13,5.29,0.13,0.00,85.33
2024-11-01 18:26:20,loop52,0.00,0.00,0.00,0.00,0.00,0.00,0.00,9.12,0.13,5.29,0.13,0.00,85.33
2024-11-01 18:26:20,loop53,0.00,0.00,0.00,0.00,0.00,0.00,0.00,9.12,0.13,5.29,0.13,0.00,85.33
2024-11-01 18:26:20,loop54,0.00,0.00,0.00,0.00,0.00,0.00,0.00,9.12,0.13,5.29,0.13,0.00,85.33
2024-11-01 18:26:20,loop55,0.00,0.00,0.00,0.00,0.00,0.00,0.00,9.12,0.13,5.29,0.13,0.00,85.33
2024-11-01 18:26:20,loop56,0.00,0.00,0.00,0.00,0.00,0.00,0.00,9.12,0.13,5.29,0.13,0.00,85.33
2024-11-01 18:26:20,loop6,0.00,0.00,0.00,0.00,0.00,0.00,0.00,9.12,0.13,5.29,0.13,0.00,85.33
2024-11-01 18:26:20,loop7,0.00,0.00,0.00,0.00,0.00,0.00,0.00,9.12,0.13,5.29,0.13,0.00,85.33
2024-11-01 18:26:20,loop8,0.00,0.00,0.00,0.00,0.00,0.00,0.00,9.12,0.13,5.29,0.13,0.00,85.33
2024-11-01 18:26:20,loop9,0.00,0.00,0.00,0.00,0.00,0.00,0.00,9.12,0.13,5.29,0.13,0.00,85.33
2024-11-01 18:26:20,nvme0n1,0.00,0.00,0.00,0.00,0.00,0.00,158.00,9.12,0.13,5.29,0.13,0.00,85.33
2024-11-01 18:26:20,nvme1n1,0.00,0.00,0.00,0.00,0.00,0.00,0.00,9.12,0.13,5.29,0.13,0.00,85.33
2024-11-01 18:26:21,loop0,0.00,0.00,0.00,0.00,0.00,0.00,0.00,7.80,0.06,5.77,0.00,0.00,86.36
2024-11-01 18:26:21,loop1,0.00,0.00,0.00,0.00,0.00,0.00,0.00,7.80,0.06,5.77,0.00,0.00,86.36
2024-11-01 18:26:21,loop10,0.00,0.00,0.00,0.00,0.00,0.00,0.00,7.80,0.06,5.77,0.00,0.00,86.36
2024-11-01 18:26:21,loop11,0.00,0.00,0.00,0.00,0.00,0.00,0.00,7.80,0.06,5.77,0.00,0.00,86.36
2024-11-01 18:26:21,loop12,0.00,0.00,0.00,0.00,0.00,0.00,0.00,7.80,0.06,5.77,0.00,0.00,86.36
2024-11-01 18:26:21,loop13,0.00,0.00,0.00,0.00,0.00,0.00,0.00,7.80,0.06,5.77,0.00,0.00,86.36
2024-11-01 18:26:21,loop14,0.00,0.00,0.00,0.00,0.00,0.00,0.00,7.80,0.06,5.77,0.00,0.00,86.36
2024-11-01 18:26:21,loop15,0.00,0.00,0.00,0.00,0.00,0.00,0.00,7.80,0.06,5.77,0.00,0.00,86.36
2024-11-01 18:26:21,loop16,0.00,0.00,0.00,0.00,0.00,0.00,0.00,7.80,0.06,5.77,0.00,0.00,86.36
2024-11-01 18:26:21,loop17,0.00,0.00,0.00,0.00,0.00,0.00,0.00,7.80,0.06,5.77,0.00,0.00,86.36
2024-11-01 18:26:21,loop18,0.00,0.00,0.00,0.00,0.00,0.00,0.00,7.80,0.06,5.77,0.00,0.00,86.36
2024-11-01 18:26:21,loop19,0.00,0.00,0.00,0.00,0.00,0.00,0.00,7.80,0.06,5.77,0.00,0.00,86.36
2024-11-01 18:26:21,loop2,0.00,0.00,0.00,0.00,0.00,0.00,0.00,7.80,0.06,5.77,0.00,0.00,86.36
2024-11-01 18:26:21,loop20,0.00,0.00,0.00,0.00,0.00,0.00,0.00,7.80,0.06,5.77,0.00,0.00,86.36
2024-11-01 18:26:21,loop21,0.00,0.00,0.00,0.00,0.00,0.00,0.00,7.80,0.06,5.77,0.00,0.00,86.36
2024-11-01 18:26:21,loop22,0.00,0.00,0.00,0.00,0.00,0.00,0.00,7.80,0.06,5.77,0.00,0.00,86.36
2024-11-01 18:26:21,loop23,0.00,0.00,0.00,0.00,0.00,0.00,0.00,7.80,0.06,5.77,0.00,0.00,86.36
2024-11-01 18:26:21,loop24,0.00,0.00,0.00,0.00,0.00,0.00,0.00,7.80,0.06,5.77,0.00,0.00,86.36
2024-11-01 18:26:21,loop25,0.00,0.00,0.00,0.00,0.00,0.00,0.00,7.80,0.06,5.77,0.00,0.00,86.36
2024-11-01 18:26:21,loop26,0.00,0.00,0.00,0.00,0.00,0.00,0.00,7.80,0.06,5.77,0.00,0.00,86.36
2024-11-01 18:26:21,loop27,0.00,0.00,0.00,0.00,0.00,0.00,0.00,7.80,0.06,5.77,0.00,0.00,86.36
2024-11-01 18:26:21,loop28,0.00,0.00,0.00,0.00,0.00,0.00,0.00,7.80,0.06,5.77,0.00,0.00,86.36
2024-11-01 18:26:21,loop29,0.00,0.00,0.00,0.00,0.00,0.00,0.00,7.80,0.06,5.77,0.00,0.00,86.36
2024-11-01 18:26:21,loop3,0.00,0.00,0.00,0.00,0.00,0.00,0.00,7.80,0.06,5.77,0.00,0.00,86.36
2024-11-01 18:26:21,loop30,0.00,0.00,0.00,0.00,0.00,0.00,0.00,7.80,0.06,5.77,0.00,0.00,86.36
2024-11-01 18:26:21,loop31,0.00,0.00,0.00,0.00,0.00,0.00,0.00,7.80,0.06,5.77,0.00,0.00,86.36
2024-11-01 18:26:21,loop32,0.00,0.00,0.00,0.00,0.00,0.00,0.00,7.80,0.06,5.77,0.00,0.00,86.36
2024-11-01 18:26:21,loop33,0.00,0.00,0.00,0.00,0.00,0.00,0.00,7.80,0.06,5.77,0.00,0.00,86.36
2024-11-01 18:26:21,loop34,0.00,0.00,0.00,0.00,0.00,0.00,0.00,7.80,0.06,5.77,0.00,0.00,86.36
2024-11-01 18:26:21,loop35,0.00,0.00,0.00,0.00,0.00,0.00,0.00,7.80,0.06,5.77,0.00,0.00,86.36
2024-11-01 18:26:21,loop36,0.00,0.00,0.00,0.00,0.00,0.00,0.00,7.80,0.06,5.77,0.00,0.00,86.36
2024-11-01 18:26:21,loop37,0.00,0.00,0.00,0.00,0.00,0.00,0.00,7.80,0.06,5.77,0.00,0.00,86.36
2024-11-01 18:26:21,loop38,0.00,0.00,0.00,0.00,0.00,0.00,0.00,7.80,0.06,5.77,0.00,0.00,86.36
2024-11-01 18:26:21,loop39,0.00,0.00,0.00,0.00,0.00,0.00,0.00,7.80,0.06,5.77,0.00,0.00,86.36
2024-11-01 18:26:21,loop4,0.00,0.00,0.00,0.00,0.00,0.00,0.00,7.80,0.06,5.77,0.00,0.00,86.36
2024-11-01 18:26:21,loop40,0.00,0.00,0.00,0.00,0.00,0.00,0.00,7.80,0.06,5.77,0.00,0.00,86.36
2024-11-01 18:26:21,loop41,0.00,0.00,0.00,0.00,0.00,0.00,0.00,7.80,0.06,5.77,0.00,0.00,86.36
2024-11-01 18:26:21,loop42,0.00,0.00,0.00,0.00,0.00,0.00,0.00,7.80,0.06,5.77,0.00,0.00,86.36
2024-11-01 18:26:21,loop43,0.00,0.00,0.00,0.00,0.00,0.00,0.00,7.80,0.06,5.77,0.00,0.00,86.36
2024-11-01 18:26:21,loop44,0.00,0.00,0.00,0.00,0.00,0.00,0.00,7.80,0.06,5.77,0.00,0.00,86.36
2024-11-01 18:26:21,loop45,0.00,0.00,0.00,0.00,0.00,0.00,0.00,7.80,0.06,5.77,0.00,0.00,86.36
2024-11-01 18:26:21,loop46,0.00,0.00,0.00,0.00,0.00,0.00,0.00,7.80,0.06,5.77,0.00,0.00,86.36
2024-11-01 18:26:21,loop47,0.00,0.00,0.00,0.00,0.00,0.00,0.00,7.80,0.06,5.77,0.00,0.00,86.36
2024-11-01 18:26:21,loop48,0.00,0.00,0.00,0.00,0.00,0.00,0.00,7.80,0.06,5.77,0.00,0.00,86.36
2024-11-01 18:26:21,loop49,0.00,0.00,0.00,0.00,0.00,0.00,0.00,7.80,0.06,5.77,0.00,0.00,86.36
2024-11-01 18:26:21,loop5,0.00,0.00,0.00,0.00,0.00,0.00,0.00,7.80,0.06,5.77,0.00,0.00,86.36
2024-11-01 18:26:21,loop50,0.00,0.00,0.00,0.00,0.00,0.00,0.00,7.80,0.06,5.77,0.00,0.00,86.36
2024-11-01 18:26:21,loop51,0.00,0.00,0.00,0.00,0.00,0.00,0.00,7.80,0.06,5.77,0.00,0.00,86.36
2024-11-01 18:26:21,loop52,0.00,0.00,0.00,0.00,0.00,0.00,0.00,7.80,0.06,5.77,0.00,0.00,86.36
2024-11-01 18:26:21,loop53,0.00,0.00,0.00,0.00,0.00,0.00,0.00,7.80,0.06,5.77,0.00,0.00,86.36
2024-11-01 18:26:21,loop54,0.00,0.00,0.00,0.00,0.00,0.00,0.00,7.80,0.06,5.77,0.00,0.00,86.36
2024-11-01 18:26:21,loop55,0.00,0.00,0.00,0.00,0.00,0.00,0.00,7.80,0.06,5.77,0.00,0.00,86.36
2024-11-01 18:26:21,loop56,0.00,0.00,0.00,0.00,0.00,0.00,0.00,7.80,0.06,5.77,0.00,0.00,86.36
2024-11-01 18:26:21,loop6,0.00,0.00,0.00,0.00,0.00,0.00,0.00,7.80,0.06,5.77,0.00,0.00,86.36
2024-11-01 18:26:21,loop7,0.00,0.00,0.00,0.00,0.00,0.00,0.00,7.80,0.06,5.77,0.00,0.00,86.36
2024-11-01 18:26:21,loop8,0.00,0.00,0.00,0.00,0.00,0.00,0.00,7.80,0.06,5.77,0.00,0.00,86.36
2024-11-01 18:26:21,loop9,0.00,0.00,0.00,0.00,0.00,0.00,0.00,7.80,0.06,5.77,0.00,0.00,86.36
2024-11-01 18:26:21,nvme0n1,0.00,0.00,0.00,0.00,0.00,0.00,24.00,7.80,0.06,5.77,0.00,0.00,86.36
2024-11-01 18:26:21,nvme1n1,0.00,0.00,0.00,0.00,0.00,0.00,0.00,7.80,0.06,5.77,0.00,0.00,86.36
2024-11-01 18:26:22,loop0,0.00,0.00,0.00,0.00,0.00,0.00,0.00,7.86,0.00,4.88,0.00,0.00,87.25
2024-11-01 18:26:22,loop1,0.00,0.00,0.00,0.00,0.00,0.00,0.00,7.86,0.00,4.88,0.00,0.00,87.25
2024-11-01 18:26:22,loop10,0.00,0.00,0.00,0.00,0.00,0.00,0.00,7.86,0.00,4.88,0.00,0.00,87.25
2024-11-01 18:26:22,loop11,0.00,0.00,0.00,0.00,0.00,0.00,0.00,7.86,0.00,4.88,0.00,0.00,87.25
2024-11-01 18:26:22,loop12,0.00,0.00,0.00,0.00,0.00,0.00,0.00,7.86,0.00,4.88,0.00,0.00,87.25
2024-11-01 18:26:22,loop13,0.00,0.00,0.00,0.00,0.00,0.00,0.00,7.86,0.00,4.88,0.00,0.00,87.25
2024-11-01 18:26:22,loop14,0.00,0.00,0.00,0.00,0.00,0.00,0.00,7.86,0.00,4.88,0.00,0.00,87.25
2024-11-01 18:26:22,loop15,0.00,0.00,0.00,0.00,0.00,0.00,0.00,7.86,0.00,4.88,0.00,0.00,87.25
2024-11-01 18:26:22,loop16,0.00,0.00,0.00,0.00,0.00,0.00,0.00,7.86,0.00,4.88,0.00,0.00,87.25
2024-11-01 18:26:22,loop17,0.00,0.00,0.00,0.00,0.00,0.00,0.00,7.86,0.00,4.88,0.00,0.00,87.25
2024-11-01 18:26:22,loop18,0.00,0.00,0.00,0.00,0.00,0.00,0.00,7.86,0.00,4.88,0.00,0.00,87.25
2024-11-01 18:26:22,loop19,0.00,0.00,0.00,0.00,0.00,0.00,0.00,7.86,0.00,4.88,0.00,0.00,87.25
2024-11-01 18:26:22,loop2,0.00,0.00,0.00,0.00,0.00,0.00,0.00,7.86,0.00,4.88,0.00,0.00,87.25
2024-11-01 18:26:22,loop20,0.00,0.00,0.00,0.00,0.00,0.00,0.00,7.86,0.00,4.88,0.00,0.00,87.25
2024-11-01 18:26:22,loop21,0.00,0.00,0.00,0.00,0.00,0.00,0.00,7.86,0.00,4.88,0.00,0.00,87.25
2024-11-01 18:26:22,loop22,0.00,0.00,0.00,0.00,0.00,0.00,0.00,7.86,0.00,4.88,0.00,0.00,87.25
2024-11-01 18:26:22,loop23,0.00,0.00,0.00,0.00,0.00,0.00,0.00,7.86,0.00,4.88,0.00,0.00,87.25
2024-11-01 18:26:22,loop24,0.00,0.00,0.00,0.00,0.00,0.00,0.00,7.86,0.00,4.88,0.00,0.00,87.25
2024-11-01 18:26:22,loop25,0.00,0.00,0.00,0.00,0.00,0.00,0.00,7.86,0.00,4.88,0.00,0.00,87.25
2024-11-01 18:26:22,loop26,0.00,0.00,0.00,0.00,0.00,0.00,0.00,7.86,0.00,4.88,0.00,0.00,87.25
2024-11-01 18:26:22,loop27,0.00,0.00,0.00,0.00,0.00,0.00,0.00,7.86,0.00,4.88,0.00,0.00,87.25
2024-11-01 18:26:22,loop28,0.00,0.00,0.00,0.00,0.00,0.00,0.00,7.86,0.00,4.88,0.00,0.00,87.25
2024-11-01 18:26:22,loop29,0.00,0.00,0.00,0.00,0.00,0.00,0.00,7.86,0.00,4.88,0.00,0.00,87.25
2024-11-01 18:26:22,loop3,0.00,0.00,0.00,0.00,0.00,0.00,0.00,7.86,0.00,4.88,0.00,0.00,87.25
2024-11-01 18:26:22,loop30,0.00,0.00,0.00,0.00,0.00,0.00,0.00,7.86,0.00,4.88,0.00,0.00,87.25
2024-11-01 18:26:22,loop31,0.00,0.00,0.00,0.00,0.00,0.00,0.00,7.86,0.00,4.88,0.00,0.00,87.25
2024-11-01 18:26:22,loop32,0.00,0.00,0.00,0.00,0.00,0.00,0.00,7.86,0.00,4.88,0.00,0.00,87.25
2024-11-01 18:26:22,loop33,0.00,0.00,0.00,0.00,0.00,0.00,0.00,7.86,0.00,4.88,0.00,0.00,87.25
2024-11-01 18:26:22,loop34,0.00,0.00,0.00,0.00,0.00,0.00,0.00,7.86,0.00,4.88,0.00,0.00,87.25
2024-11-01 18:26:22,loop35,0.00,0.00,0.00,0.00,0.00,0.00,0.00,7.86,0.00,4.88,0.00,0.00,87.25
2024-11-01 18:26:22,loop36,0.00,0.00,0.00,0.00,0.00,0.00,0.00,7.86,0.00,4.88,0.00,0.00,87.25
2024-11-01 18:26:22,loop37,0.00,0.00,0.00,0.00,0.00,0.00,0.00,7.86,0.00,4.88,0.00,0.00,87.25
2024-11-01 18:26:22,loop38,0.00,0.00,0.00,0.00,0.00,0.00,0.00,7.86,0.00,4.88,0.00,0.00,87.25
2024-11-01 18:26:22,loop39,0.00,0.00,0.00,0.00,0.00,0.00,0.00,7.86,0.00,4.88,0.00,0.00,87.25
2024-11-01 18:26:22,loop4,0.00,0.00,0.00,0.00,0.00,0.00,0.00,7.86,0.00,4.88,0.00,0.00,87.25
2024-11-01 18:26:22,loop40,0.00,0.00,0.00,0.00,0.00,0.00,0.00,7.86,0.00,4.88,0.00,0.00,87.25
2024-11-01 18:26:22,loop41,0.00,0.00,0.00,0.00,0.00,0.00,0.00,7.86,0.00,4.88,0.00,0.00,87.25
2024-11-01 18:26:22,loop42,0.00,0.00,0.00,0.00,0.00,0.00,0.00,7.86,0.00,4.88,0.00,0.00,87.25
2024-11-01 18:26:22,loop43,0.00,0.00,0.00,0.00,0.00,0.00,0.00,7.86,0.00,4.88,0.00,0.00,87.25
2024-11-01 18:26:22,loop44,0.00,0.00,0.00,0.00,0.00,0.00,0.00,7.86,0.00,4.88,0.00,0.00,87.25
2024-11-01 18:26:22,loop45,0.00,0.00,0.00,0.00,0.00,0.00,0.00,7.86,0.00,4.88,0.00,0.00,87.25
2024-11-01 18:26:22,loop46,0.00,0.00,0.00,0.00,0.00,0.00,0.00,7.86,0.00,4.88,0.00,0.00,87.25
2024-11-01 18:26:22,loop47,0.00,0.00,0.00,0.00,0.00,0.00,0.00,7.86,0.00,4.88,0.00,0.00,87.25
2024-11-01 18:26:22,loop48,0.00,0.00,0.00,0.00,0.00,0.00,0.00,7.86,0.00,4.88,0.00,0.00,87.25
2024-11-01 18:26:22,loop49,0.00,0.00,0.00,0.00,0.00,0.00,0.00,7.86,0.00,4.88,0.00,0.00,87.25
2024-11-01 18:26:22,loop5,0.00,0.00,0.00,0.00,0.00,0.00,0.00,7.86,0.00,4.88,0.00,0.00,87.25
2024-11-01 18:26:22,loop50,0.00,0.00,0.00,0.00,0.00,0.00,0.00,7.86,0.00,4.88,0.00,0.00,87.25
2024-11-01 18:26:22,loop51,0.00,0.00,0.00,0.00,0.00,0.00,0.00,7.86,0.00,4.88,0.00,0.00,87.25
2024-11-01 18:26:22,loop52,0.00,0.00,0.00,0.00,0.00,0.00,0.00,7.86,0.00,4.88,0.00,0.00,87.25
2024-11-01 18:26:22,loop53,0.00,0.00,0.00,0.00,0.00,0.00,0.00,7.86,0.00,4.88,0.00,0.00,87.25
2024-11-01 18:26:22,loop54,0.00,0.00,0.00,0.00,0.00,0.00,0.00,7.86,0.00,4.88,0.00,0.00,87.25
2024-11-01 18:26:22,loop55,0.00,0.00,0.00,0.00,0.00,0.00,0.00,7.86,0.00,4.88,0.00,0.00,87.25
2024-11-01 18:26:22,loop56,0.00,0.00,0.00,0.00,0.00,0.00,0.00,7.86,0.00,4.88,0.00,0.00,87.25
2024-11-01 18:26:22,loop6,0.00,0.00,0.00,0.00,0.00,0.00,0.00,7.86,0.00,4.88,0.00,0.00,87.25
2024-11-01 18:26:22,loop7,0.00,0.00,0.00,0.00,0.00,0.00,0.00,7.86,0.00,4.88,0.00,0.00,87.25
2024-11-01 18:26:22,loop8,0.00,0.00,0.00,0.00,0.00,0.00,0.00,7.86,0.00,4.88,0.00,0.00,87.25
2024-11-01 18:26:22,loop9,0.00,0.00,0.00,0.00,0.00,0.00,0.00,7.86,0.00,4.88,0.00,0.00,87.25
2024-11-01 18:26:22,nvme0n1,0.00,0.00,0.00,0.00,0.00,0.00,20.00,7.86,0.00,4.88,0.00,0.00,87.25
2024-11-01 18:26:22,nvme1n1,0.00,0.00,0.00,0.00,0.00,0.00,0.00,7.86,0.00,4.88,0.00,0.00,87.25
2024-11-01 18:26:23,loop0,0.00,0.00,0.00,0.00,0.00,0.00,0.00,7.78,0.06,5.57,0.00,0.00,86.58
2024-11-01 18:26:23,loop1,0.00,0.00,0.00,0.00,0.00,0.00,0.00,7.78,0.06,5.57,0.00,0.00,86.58
2024-11-01 18:26:23,loop10,0.00,0.00,0.00,0.00,0.00,0.00,0.00,7.78,0.06,5.57,0.00,0.00,86.58
2024-11-01 18:26:23,loop11,0.00,0.00,0.00,0.00,0.00,0.00,0.00,7.78,0.06,5.57,0.00,0.00,86.58
2024-11-01 18:26:23,loop12,0.00,0.00,0.00,0.00,0.00,0.00,0.00,7.78,0.06,5.57,0.00,0.00,86.58
2024-11-01 18:26:23,loop13,0.00,0.00,0.00,0.00,0.00,0.00,0.00,7.78,0.06,5.57,0.00,0.00,86.58
2024-11-01 18:26:23,loop14,0.00,0.00,0.00,0.00,0.00,0.00,0.00,7.78,0.06,5.57,0.00,0.00,86.58
2024-11-01 18:26:23,loop15,0.00,0.00,0.00,0.00,0.00,0.00,0.00,7.78,0.06,5.57,0.00,0.00,86.58
2024-11-01 18:26:23,loop16,0.00,0.00,0.00,0.00,0.00,0.00,0.00,7.78,0.06,5.57,0.00,0.00,86.58
2024-11-01 18:26:23,loop17,0.00,0.00,0.00,0.00,0.00,0.00,0.00,7.78,0.06,5.57,0.00,0.00,86.58
2024-11-01 18:26:23,loop18,0.00,0.00,0.00,0.00,0.00,0.00,0.00,7.78,0.06,5.57,0.00,0.00,86.58
2024-11-01 18:26:23,loop19,0.00,0.00,0.00,0.00,0.00,0.00,0.00,7.78,0.06,5.57,0.00,0.00,86.58
2024-11-01 18:26:23,loop2,0.00,0.00,0.00,0.00,0.00,0.00,0.00,7.78,0.06,5.57,0.00,0.00,86.58
2024-11-01 18:26:23,loop20,0.00,0.00,0.00,0.00,0.00,0.00,0.00,7.78,0.06,5.57,0.00,0.00,86.58
2024-11-01 18:26:23,loop21,0.00,0.00,0.00,0.00,0.00,0.00,0.00,7.78,0.06,5.57,0.00,0.00,86.58
2024-11-01 18:26:23,loop22,0.00,0.00,0.00,0.00,0.00,0.00,0.00,7.78,0.06,5.57,0.00,0.00,86.58
2024-11-01 18:26:23,loop23,0.00,0.00,0.00,0.00,0.00,0.00,0.00,7.78,0.06,5.57,0.00,0.00,86.58
2024-11-01 18:26:23,loop24,0.00,0.00,0.00,0.00,0.00,0.00,0.00,7.78,0.06,5.57,0.00,0.00,86.58
2024-11-01 18:26:23,loop25,0.00,0.00,0.00,0.00,0.00,0.00,0.00,7.78,0.06,5.57,0.00,0.00,86.58
2024-11-01 18:26:23,loop26,0.00,0.00,0.00,0.00,0.00,0.00,0.00,7.78,0.06,5.57,0.00,0.00,86.58
2024-11-01 18:26:23,loop27,0.00,0.00,0.00,0.00,0.00,0.00,0.00,7.78,0.06,5.57,0.00,0.00,86.58
2024-11-01 18:26:23,loop28,0.00,0.00,0.00,0.00,0.00,0.00,0.00,7.78,0.06,5.57,0.00,0.00,86.58
2024-11-01 18:26:23,loop29,0.00,0.00,0.00,0.00,0.00,0.00,0.00,7.78,0.06,5.57,0.00,0.00,86.58
2024-11-01 18:26:23,loop3,0.00,0.00,0.00,0.00,0.00,0.00,0.00,7.78,0.06,5.57,0.00,0.00,86.58
2024-11-01 18:26:23,loop30,0.00,0.00,0.00,0.00,0.00,0.00,0.00,7.78,0.06,5.57,0.00,0.00,86.58
2024-11-01 18:26:23,loop31,0.00,0.00,0.00,0.00,0.00,0.00,0.00,7.78,0.06,5.57,0.00,0.00,86.58
2024-11-01 18:26:23,loop32,0.00,0.00,0.00,0.00,0.00,0.00,0.00,7.78,0.06,5.57,0.00,0.00,86.58
2024-11-01 18:26:23,loop33,0.00,0.00,0.00,0.00,0.00,0.00,0.00,7.78,0.06,5.57,0.00,0.00,86.58
2024-11-01 18:26:23,loop34,0.00,0.00,0.00,0.00,0.00,0.00,0.00,7.78,0.06,5.57,0.00,0.00,86.58
2024-11-01 18:26:23,loop35,0.00,0.00,0.00,0.00,0.00,0.00,0.00,7.78,0.06,5.57,0.00,0.00,86.58
2024-11-01 18:26:23,loop36,0.00,0.00,0.00,0.00,0.00,0.00,0.00,7.78,0.06,5.57,0.00,0.00,86.58
2024-11-01 18:26:23,loop37,0.00,0.00,0.00,0.00,0.00,0.00,0.00,7.78,0.06,5.57,0.00,0.00,86.58
2024-11-01 18:26:23,loop38,0.00,0.00,0.00,0.00,0.00,0.00,0.00,7.78,0.06,5.57,0.00,0.00,86.58
2024-11-01 18:26:23,loop39,0.00,0.00,0.00,0.00,0.00,0.00,0.00,7.78,0.06,5.57,0.00,0.00,86.58
2024-11-01 18:26:23,loop4,0.00,0.00,0.00,0.00,0.00,0.00,0.00,7.78,0.06,5.57,0.00,0.00,86.58
2024-11-01 18:26:23,loop40,0.00,0.00,0.00,0.00,0.00,0.00,0.00,7.78,0.06,5.57,0.00,0.00,86.58
2024-11-01 18:26:23,loop41,0.00,0.00,0.00,0.00,0.00,0.00,0.00,7.78,0.06,5.57,0.00,0.00,86.58
2024-11-01 18:26:23,loop42,0.00,0.00,0.00,0.00,0.00,0.00,0.00,7.78,0.06,5.57,0.00,0.00,86.58
2024-11-01 18:26:23,loop43,0.00,0.00,0.00,0.00,0.00,0.00,0.00,7.78,0.06,5.57,0.00,0.00,86.58
2024-11-01 18:26:23,loop44,0.00,0.00,0.00,0.00,0.00,0.00,0.00,7.78,0.06,5.57,0.00,0.00,86.58
2024-11-01 18:26:23,loop45,0.00,0.00,0.00,0.00,0.00,0.00,0.00,7.78,0.06,5.57,0.00,0.00,86.58
2024-11-01 18:26:23,loop46,0.00,0.00,0.00,0.00,0.00,0.00,0.00,7.78,0.06,5.57,0.00,0.00,86.58
2024-11-01 18:26:23,loop47,0.00,0.00,0.00,0.00,0.00,0.00,0.00,7.78,0.06,5.57,0.00,0.00,86.58
2024-11-01 18:26:23,loop48,0.00,0.00,0.00,0.00,0.00,0.00,0.00,7.78,0.06,5.57,0.00,0.00,86.58
2024-11-01 18:26:23,loop49,0.00,0.00,0.00,0.00,0.00,0.00,0.00,7.78,0.06,5.57,0.00,0.00,86.58
2024-11-01 18:26:23,loop5,0.00,0.00,0.00,0.00,0.00,0.00,0.00,7.78,0.06,5.57,0.00,0.00,86.58
2024-11-01 18:26:23,loop50,0.00,0.00,0.00,0.00,0.00,0.00,0.00,7.78,0.06,5.57,0.00,0.00,86.58
2024-11-01 18:26:23,loop51,0.00,0.00,0.00,0.00,0.00,0.00,0.00,7.78,0.06,5.57,0.00,0.00,86.58
2024-11-01 18:26:23,loop52,0.00,0.00,0.00,0.00,0.00,0.00,0.00,7.78,0.06,5.57,0.00,0.00,86.58
2024-11-01 18:26:23,loop53,0.00,0.00,0.00,0.00,0.00,0.00,0.00,7.78,0.06,5.57,0.00,0.00,86.58
2024-11-01 18:26:23,loop54,0.00,0.00,0.00,0.00,0.00,0.00,0.00,7.78,0.06,5.57,0.00,0.00,86.58
2024-11-01 18:26:23,loop55,0.00,0.00,0.00,0.00,0.00,0.00,0.00,7.78,0.06,5.57,0.00,0.00,86.58
2024-11-01 18:26:23,loop56,0.00,0.00,0.00,0.00,0.00,0.00,0.00,7.78,0.06,5.57,0.00,0.00,86.58
2024-11-01 18:26:23,loop6,0.00,0.00,0.00,0.00,0.00,0.00,0.00,7.78,0.06,5.57,0.00,0.00,86.58
2024-11-01 18:26:23,loop7,0.00,0.00,0.00,0.00,0.00,0.00,0.00,7.78,0.06,5.57,0.00,0.00,86.58
2024-11-01 18:26:23,loop8,0.00,0.00,0.00,0.00,0.00,0.00,0.00,7.78,0.06,5.57,0.00,0.00,86.58
2024-11-01 18:26:23,loop9,0.00,0.00,0.00,0.00,0.00,0.00,0.00,7.78,0.06,5.57,0.00,0.00,86.58
2024-11-01 18:26:23,nvme0n1,0.00,0.00,0.00,0.00,0.00,0.00,17.00,7.78,0.06,5.57,0.00,0.00,86.58
2024-11-01 18:26:23,nvme1n1,0.00,0.00,0.00,0.00,0.00,0.00,0.00,7.78,0.06,5.57,0.00,0.00,86.58
2024-11-01 18:26:24,loop0,0.00,0.00,0.00,0.00,0.00,0.00,0.00,8.62,0.00,4.82,0.06,0.00,86.50
2024-11-01 18:26:24,loop1,0.00,0.00,0.00,0.00,0.00,0.00,0.00,8.62,0.00,4.82,0.06,0.00,86.50
2024-11-01 18:26:24,loop10,0.00,0.00,0.00,0.00,0.00,0.00,0.00,8.62,0.00,4.82,0.06,0.00,86.50
2024-11-01 18:26:24,loop11,0.00,0.00,0.00,0.00,0.00,0.00,0.00,8.62,0.00,4.82,0.06,0.00,86.50
2024-11-01 18:26:24,loop12,0.00,0.00,0.00,0.00,0.00,0.00,0.00,8.62,0.00,4.82,0.06,0.00,86.50
2024-11-01 18:26:24,loop13,0.00,0.00,0.00,0.00,0.00,0.00,0.00,8.62,0.00,4.82,0.06,0.00,86.50
2024-11-01 18:26:24,loop14,0.00,0.00,0.00,0.00,0.00,0.00,0.00,8.62,0.00,4.82,0.06,0.00,86.50
2024-11-01 18:26:24,loop15,0.00,0.00,0.00,0.00,0.00,0.00,0.00,8.62,0.00,4.82,0.06,0.00,86.50
2024-11-01 18:26:24,loop16,0.00,0.00,0.00,0.00,0.00,0.00,0.00,8.62,0.00,4.82,0.06,0.00,86.50
2024-11-01 18:26:24,loop17,0.00,0.00,0.00,0.00,0.00,0.00,0.00,8.62,0.00,4.82,0.06,0.00,86.50
2024-11-01 18:26:24,loop18,0.00,0.00,0.00,0.00,0.00,0.00,0.00,8.62,0.00,4.82,0.06,0.00,86.50
2024-11-01 18:26:24,loop19,0.00,0.00,0.00,0.00,0.00,0.00,0.00,8.62,0.00,4.82,0.06,0.00,86.50
2024-11-01 18:26:24,loop2,0.00,0.00,0.00,0.00,0.00,0.00,0.00,8.62,0.00,4.82,0.06,0.00,86.50
2024-11-01 18:26:24,loop20,0.00,0.00,0.00,0.00,0.00,0.00,0.00,8.62,0.00,4.82,0.06,0.00,86.50
2024-11-01 18:26:24,loop21,0.00,0.00,0.00,0.00,0.00,0.00,0.00,8.62,0.00,4.82,0.06,0.00,86.50
2024-11-01 18:26:24,loop22,0.00,0.00,0.00,0.00,0.00,0.00,0.00,8.62,0.00,4.82,0.06,0.00,86.50
2024-11-01 18:26:24,loop23,0.00,0.00,0.00,0.00,0.00,0.00,0.00,8.62,0.00,4.82,0.06,0.00,86.50
2024-11-01 18:26:24,loop24,0.00,0.00,0.00,0.00,0.00,0.00,0.00,8.62,0.00,4.82,0.06,0.00,86.50
2024-11-01 18:26:24,loop25,0.00,0.00,0.00,0.00,0.00,0.00,0.00,8.62,0.00,4.82,0.06,0.00,86.50
2024-11-01 18:26:24,loop26,0.00,0.00,0.00,0.00,0.00,0.00,0.00,8.62,0.00,4.82,0.06,0.00,86.50
2024-11-01 18:26:24,loop27,0.00,0.00,0.00,0.00,0.00,0.00,0.00,8.62,0.00,4.82,0.06,0.00,86.50
2024-11-01 18:26:24,loop28,0.00,0.00,0.00,0.00,0.00,0.00,0.00,8.62,0.00,4.82,0.06,0.00,86.50
2024-11-01 18:26:24,loop29,0.00,0.00,0.00,0.00,0.00,0.00,0.00,8.62,0.00,4.82,0.06,0.00,86.50
2024-11-01 18:26:24,loop3,0.00,0.00,0.00,0.00,0.00,0.00,0.00,8.62,0.00,4.82,0.06,0.00,86.50
2024-11-01 18:26:24,loop30,0.00,0.00,0.00,0.00,0.00,0.00,0.00,8.62,0.00,4.82,0.06,0.00,86.50
2024-11-01 18:26:24,loop31,0.00,0.00,0.00,0.00,0.00,0.00,0.00,8.62,0.00,4.82,0.06,0.00,86.50
2024-11-01 18:26:24,loop32,0.00,0.00,0.00,0.00,0.00,0.00,0.00,8.62,0.00,4.82,0.06,0.00,86.50
2024-11-01 18:26:24,loop33,0.00,0.00,0.00,0.00,0.00,0.00,0.00,8.62,0.00,4.82,0.06,0.00,86.50
2024-11-01 18:26:24,loop34,0.00,0.00,0.00,0.00,0.00,0.00,0.00,8.62,0.00,4.82,0.06,0.00,86.50
2024-11-01 18:26:24,loop35,0.00,0.00,0.00,0.00,0.00,0.00,0.00,8.62,0.00,4.82,0.06,0.00,86.50
2024-11-01 18:26:24,loop36,0.00,0.00,0.00,0.00,0.00,0.00,0.00,8.62,0.00,4.82,0.06,0.00,86.50
2024-11-01 18:26:24,loop37,0.00,0.00,0.00,0.00,0.00,0.00,0.00,8.62,0.00,4.82,0.06,0.00,86.50
2024-11-01 18:26:24,loop38,0.00,0.00,0.00,0.00,0.00,0.00,0.00,8.62,0.00,4.82,0.06,0.00,86.50
2024-11-01 18:26:24,loop39,0.00,0.00,0.00,0.00,0.00,0.00,0.00,8.62,0.00,4.82,0.06,0.00,86.50
2024-11-01 18:26:24,loop4,0.00,0.00,0.00,0.00,0.00,0.00,0.00,8.62,0.00,4.82,0.06,0.00,86.50
2024-11-01 18:26:24,loop40,0.00,0.00,0.00,0.00,0.00,0.00,0.00,8.62,0.00,4.82,0.06,0.00,86.50
2024-11-01 18:26:24,loop41,0.00,0.00,0.00,0.00,0.00,0.00,0.00,8.62,0.00,4.82,0.06,0.00,86.50
2024-11-01 18:26:24,loop42,0.00,0.00,0.00,0.00,0.00,0.00,0.00,8.62,0.00,4.82,0.06,0.00,86.50
2024-11-01 18:26:24,loop43,0.00,0.00,0.00,0.00,0.00,0.00,0.00,8.62,0.00,4.82,0.06,0.00,86.50
2024-11-01 18:26:24,loop44,0.00,0.00,0.00,0.00,0.00,0.00,0.00,8.62,0.00,4.82,0.06,0.00,86.50
2024-11-01 18:26:24,loop45,0.00,0.00,0.00,0.00,0.00,0.00,0.00,8.62,0.00,4.82,0.06,0.00,86.50
2024-11-01 18:26:24,loop46,0.00,0.00,0.00,0.00,0.00,0.00,0.00,8.62,0.00,4.82,0.06,0.00,86.50
2024-11-01 18:26:24,loop47,0.00,0.00,0.00,0.00,0.00,0.00,0.00,8.62,0.00,4.82,0.06,0.00,86.50
2024-11-01 18:26:24,loop48,0.00,0.00,0.00,0.00,0.00,0.00,0.00,8.62,0.00,4.82,0.06,0.00,86.50
2024-11-01 18:26:24,loop49,0.00,0.00,0.00,0.00,0.00,0.00,0.00,8.62,0.00,4.82,0.06,0.00,86.50
2024-11-01 18:26:24,loop5,0.00,0.00,0.00,0.00,0.00,0.00,0.00,8.62,0.00,4.82,0.06,0.00,86.50
2024-11-01 18:26:24,loop50,0.00,0.00,0.00,0.00,0.00,0.00,0.00,8.62,0.00,4.82,0.06,0.00,86.50
2024-11-01 18:26:24,loop51,0.00,0.00,0.00,0.00,0.00,0.00,0.00,8.62,0.00,4.82,0.06,0.00,86.50
2024-11-01 18:26:24,loop52,0.00,0.00,0.00,0.00,0.00,0.00,0.00,8.62,0.00,4.82,0.06,0.00,86.50
2024-11-01 18:26:24,loop53,0.00,0.00,0.00,0.00,0.00,0.00,0.00,8.62,0.00,4.82,0.06,0.00,86.50
2024-11-01 18:26:24,loop54,0.00,0.00,0.00,0.00,0.00,0.00,0.00,8.62,0.00,4.82,0.06,0.00,86.50
2024-11-01 18:26:24,loop55,0.00,0.00,0.00,0.00,0.00,0.00,0.00,8.62,0.00,4.82,0.06,0.00,86.50
2024-11-01 18:26:24,loop56,0.00,0.00,0.00,0.00,0.00,0.00,0.00,8.62,0.00,4.82,0.06,0.00,86.50
2024-11-01 18:26:24,loop6,0.00,0.00,0.00,0.00,0.00,0.00,0.00,8.62,0.00,4.82,0.06,0.00,86.50
2024-11-01 18:26:24,loop7,0.00,0.00,0.00,0.00,0.00,0.00,0.00,8.62,0.00,4.82,0.06,0.00,86.50
2024-11-01 18:26:24,loop8,0.00,0.00,0.00,0.00,0.00,0.00,0.00,8.62,0.00,4.82,0.06,0.00,86.50
2024-11-01 18:26:24,loop9,0.00,0.00,0.00,0.00,0.00,0.00,0.00,8.62,0.00,4.82,0.06,0.00,86.50
2024-11-01 18:26:24,nvme0n1,0.00,0.00,0.00,0.00,0.00,0.00,38.00,8.62,0.00,4.82,0.06,0.00,86.50
2024-11-01 18:26:24,nvme1n1,0.00,0.00,0.00,0.00,0.00,0.00,0.00,8.62,0.00,4.82,0.06,0.00,86.50
2024-11-01 18:26:25,loop0,0.00,0.00,0.00,0.00,0.00,0.00,0.00,10.20,0.06,5.45,0.00,0.00,84.28
2024-11-01 18:26:25,loop1,0.00,0.00,0.00,0.00,0.00,0.00,0.00,10.20,0.06,5.45,0.00,0.00,84.28
2024-11-01 18:26:25,loop10,0.00,0.00,0.00,0.00,0.00,0.00,0.00,10.20,0.06,5.45,0.00,0.00,84.28
2024-11-01 18:26:25,loop11,0.00,0.00,0.00,0.00,0.00,0.00,0.00,10.20,0.06,5.45,0.00,0.00,84.28
2024-11-01 18:26:25,loop12,0.00,0.00,0.00,0.00,0.00,0.00,0.00,10.20,0.06,5.45,0.00,0.00,84.28
2024-11-01 18:26:25,loop13,0.00,0.00,0.00,0.00,0.00,0.00,0.00,10.20,0.06,5.45,0.00,0.00,84.28
2024-11-01 18:26:25,loop14,0.00,0.00,0.00,0.00,0.00,0.00,0.00,10.20,0.06,5.45,0.00,0.00,84.28
2024-11-01 18:26:25,loop15,0.00,0.00,0.00,0.00,0.00,0.00,0.00,10.20,0.06,5.45,0.00,0.00,84.28
2024-11-01 18:26:25,loop16,0.00,0.00,0.00,0.00,0.00,0.00,0.00,10.20,0.06,5.45,0.00,0.00,84.28
2024-11-01 18:26:25,loop17,0.00,0.00,0.00,0.00,0.00,0.00,0.00,10.20,0.06,5.45,0.00,0.00,84.28
2024-11-01 18:26:25,loop18,0.00,0.00,0.00,0.00,0.00,0.00,0.00,10.20,0.06,5.45,0.00,0.00,84.28
2024-11-01 18:26:25,loop19,0.00,0.00,0.00,0.00,0.00,0.00,0.00,10.20,0.06,5.45,0.00,0.00,84.28
2024-11-01 18:26:25,loop2,0.00,0.00,0.00,0.00,0.00,0.00,0.00,10.20,0.06,5.45,0.00,0.00,84.28
2024-11-01 18:26:25,loop20,0.00,0.00,0.00,0.00,0.00,0.00,0.00,10.20,0.06,5.45,0.00,0.00,84.28
2024-11-01 18:26:25,loop21,0.00,0.00,0.00,0.00,0.00,0.00,0.00,10.20,0.06,5.45,0.00,0.00,84.28
2024-11-01 18:26:25,loop22,0.00,0.00,0.00,0.00,0.00,0.00,0.00,10.20,0.06,5.45,0.00,0.00,84.28
2024-11-01 18:26:25,loop23,0.00,0.00,0.00,0.00,0.00,0.00,0.00,10.20,0.06,5.45,0.00,0.00,84.28
2024-11-01 18:26:25,loop24,0.00,0.00,0.00,0.00,0.00,0.00,0.00,10.20,0.06,5.45,0.00,0.00,84.28
2024-11-01 18:26:25,loop25,0.00,0.00,0.00,0.00,0.00,0.00,0.00,10.20,0.06,5.45,0.00,0.00,84.28
2024-11-01 18:26:25,loop26,0.00,0.00,0.00,0.00,0.00,0.00,0.00,10.20,0.06,5.45,0.00,0.00,84.28
2024-11-01 18:26:25,loop27,0.00,0.00,0.00,0.00,0.00,0.00,0.00,10.20,0.06,5.45,0.00,0.00,84.28
2024-11-01 18:26:25,loop28,0.00,0.00,0.00,0.00,0.00,0.00,0.00,10.20,0.06,5.45,0.00,0.00,84.28
2024-11-01 18:26:25,loop29,0.00,0.00,0.00,0.00,0.00,0.00,0.00,10.20,0.06,5.45,0.00,0.00,84.28
2024-11-01 18:26:25,loop3,0.00,0.00,0.00,0.00,0.00,0.00,0.00,10.20,0.06,5.45,0.00,0.00,84.28
2024-11-01 18:26:25,loop30,0.00,0.00,0.00,0.00,0.00,0.00,0.00,10.20,0.06,5.45,0.00,0.00,84.28
2024-11-01 18:26:25,loop31,0.00,0.00,0.00,0.00,0.00,0.00,0.00,10.20,0.06,5.45,0.00,0.00,84.28
2024-11-01 18:26:25,loop32,0.00,0.00,0.00,0.00,0.00,0.00,0.00,10.20,0.06,5.45,0.00,0.00,84.28
2024-11-01 18:26:25,loop33,0.00,0.00,0.00,0.00,0.00,0.00,0.00,10.20,0.06,5.45,0.00,0.00,84.28
2024-11-01 18:26:25,loop34,0.00,0.00,0.00,0.00,0.00,0.00,0.00,10.20,0.06,5.45,0.00,0.00,84.28
2024-11-01 18:26:25,loop35,0.00,0.00,0.00,0.00,0.00,0.00,0.00,10.20,0.06,5.45,0.00,0.00,84.28
2024-11-01 18:26:25,loop36,0.00,0.00,0.00,0.00,0.00,0.00,0.00,10.20,0.06,5.45,0.00,0.00,84.28
2024-11-01 18:26:25,loop37,0.00,0.00,0.00,0.00,0.00,0.00,0.00,10.20,0.06,5.45,0.00,0.00,84.28
2024-11-01 18:26:25,loop38,0.00,0.00,0.00,0.00,0.00,0.00,0.00,10.20,0.06,5.45,0.00,0.00,84.28
2024-11-01 18:26:25,loop39,0.00,0.00,0.00,0.00,0.00,0.00,0.00,10.20,0.06,5.45,0.00,0.00,84.28
2024-11-01 18:26:25,loop4,0.00,0.00,0.00,0.00,0.00,0.00,0.00,10.20,0.06,5.45,0.00,0.00,84.28
2024-11-01 18:26:25,loop40,0.00,0.00,0.00,0.00,0.00,0.00,0.00,10.20,0.06,5.45,0.00,0.00,84.28
2024-11-01 18:26:25,loop41,0.00,0.00,0.00,0.00,0.00,0.00,0.00,10.20,0.06,5.45,0.00,0.00,84.28
2024-11-01 18:26:25,loop42,0.00,0.00,0.00,0.00,0.00,0.00,0.00,10.20,0.06,5.45,0.00,0.00,84.28
2024-11-01 18:26:25,loop43,0.00,0.00,0.00,0.00,0.00,0.00,0.00,10.20,0.06,5.45,0.00,0.00,84.28
2024-11-01 18:26:25,loop44,0.00,0.00,0.00,0.00,0.00,0.00,0.00,10.20,0.06,5.45,0.00,0.00,84.28
2024-11-01 18:26:25,loop45,0.00,0.00,0.00,0.00,0.00,0.00,0.00,10.20,0.06,5.45,0.00,0.00,84.28
2024-11-01 18:26:25,loop46,0.00,0.00,0.00,0.00,0.00,0.00,0.00,10.20,0.06,5.45,0.00,0.00,84.28
2024-11-01 18:26:25,loop47,0.00,0.00,0.00,0.00,0.00,0.00,0.00,10.20,0.06,5.45,0.00,0.00,84.28
2024-11-01 18:26:25,loop48,0.00,0.00,0.00,0.00,0.00,0.00,0.00,10.20,0.06,5.45,0.00,0.00,84.28
2024-11-01 18:26:25,loop49,0.00,0.00,0.00,0.00,0.00,0.00,0.00,10.20,0.06,5.45,0.00,0.00,84.28
2024-11-01 18:26:25,loop5,0.00,0.00,0.00,0.00,0.00,0.00,0.00,10.20,0.06,5.45,0.00,0.00,84.28
2024-11-01 18:26:25,loop50,0.00,0.00,0.00,0.00,0.00,0.00,0.00,10.20,0.06,5.45,0.00,0.00,84.28
2024-11-01 18:26:25,loop51,0.00,0.00,0.00,0.00,0.00,0.00,0.00,10.20,0.06,5.45,0.00,0.00,84.28
2024-11-01 18:26:25,loop52,0.00,0.00,0.00,0.00,0.00,0.00,0.00,10.20,0.06,5.45,0.00,0.00,84.28
2024-11-01 18:26:25,loop53,0.00,0.00,0.00,0.00,0.00,0.00,0.00,10.20,0.06,5.45,0.00,0.00,84.28
2024-11-01 18:26:25,loop54,0.00,0.00,0.00,0.00,0.00,0.00,0.00,10.20,0.06,5.45,0.00,0.00,84.28
2024-11-01 18:26:25,loop55,0.00,0.00,0.00,0.00,0.00,0.00,0.00,10.20,0.06,5.45,0.00,0.00,84.28
2024-11-01 18:26:25,loop56,0.00,0.00,0.00,0.00,0.00,0.00,0.00,10.20,0.06,5.45,0.00,0.00,84.28
2024-11-01 18:26:25,loop6,0.00,0.00,0.00,0.00,0.00,0.00,0.00,10.20,0.06,5.45,0.00,0.00,84.28
2024-11-01 18:26:25,loop7,0.00,0.00,0.00,0.00,0.00,0.00,0.00,10.20,0.06,5.45,0.00,0.00,84.28
2024-11-01 18:26:25,loop8,0.00,0.00,0.00,0.00,0.00,0.00,0.00,10.20,0.06,5.45,0.00,0.00,84.28
2024-11-01 18:26:25,loop9,0.00,0.00,0.00,0.00,0.00,0.00,0.00,10.20,0.06,5.45,0.00,0.00,84.28
2024-11-01 18:26:25,nvme0n1,0.00,0.00,0.00,0.00,0.00,0.00,192.00,10.20,0.06,5.45,0.00,0.00,84.28
2024-11-01 18:26:25,nvme1n1,0.00,0.00,0.00,0.00,0.00,0.00,0.00,10.20,0.06,5.45,0.00,0.00,84.28
2024-11-01 18:26:26,loop0,0.00,0.00,0.00,0.00,0.00,0.00,0.00,7.51,0.06,6.18,0.00,0.00,86.25
2024-11-01 18:26:26,loop1,0.00,0.00,0.00,0.00,0.00,0.00,0.00,7.51,0.06,6.18,0.00,0.00,86.25
2024-11-01 18:26:26,loop10,0.00,0.00,0.00,0.00,0.00,0.00,0.00,7.51,0.06,6.18,0.00,0.00,86.25
2024-11-01 18:26:26,loop11,0.00,0.00,0.00,0.00,0.00,0.00,0.00,7.51,0.06,6.18,0.00,0.00,86.25
2024-11-01 18:26:26,loop12,0.00,0.00,0.00,0.00,0.00,0.00,0.00,7.51,0.06,6.18,0.00,0.00,86.25
2024-11-01 18:26:26,loop13,0.00,0.00,0.00,0.00,0.00,0.00,0.00,7.51,0.06,6.18,0.00,0.00,86.25
2024-11-01 18:26:26,loop14,0.00,0.00,0.00,0.00,0.00,0.00,0.00,7.51,0.06,6.18,0.00,0.00,86.25
2024-11-01 18:26:26,loop15,0.00,0.00,0.00,0.00,0.00,0.00,0.00,7.51,0.06,6.18,0.00,0.00,86.25
2024-11-01 18:26:26,loop16,0.00,0.00,0.00,0.00,0.00,0.00,0.00,7.51,0.06,6.18,0.00,0.00,86.25
2024-11-01 18:26:26,loop17,0.00,0.00,0.00,0.00,0.00,0.00,0.00,7.51,0.06,6.18,0.00,0.00,86.25
2024-11-01 18:26:26,loop18,0.00,0.00,0.00,0.00,0.00,0.00,0.00,7.51,0.06,6.18,0.00,0.00,86.25
2024-11-01 18:26:26,loop19,0.00,0.00,0.00,0.00,0.00,0.00,0.00,7.51,0.06,6.18,0.00,0.00,86.25
2024-11-01 18:26:26,loop2,0.00,0.00,0.00,0.00,0.00,0.00,0.00,7.51,0.06,6.18,0.00,0.00,86.25
2024-11-01 18:26:26,loop20,0.00,0.00,0.00,0.00,0.00,0.00,0.00,7.51,0.06,6.18,0.00,0.00,86.25
2024-11-01 18:26:26,loop21,0.00,0.00,0.00,0.00,0.00,0.00,0.00,7.51,0.06,6.18,0.00,0.00,86.25
2024-11-01 18:26:26,loop22,0.00,0.00,0.00,0.00,0.00,0.00,0.00,7.51,0.06,6.18,0.00,0.00,86.25
2024-11-01 18:26:26,loop23,0.00,0.00,0.00,0.00,0.00,0.00,0.00,7.51,0.06,6.18,0.00,0.00,86.25
2024-11-01 18:26:26,loop24,0.00,0.00,0.00,0.00,0.00,0.00,0.00,7.51,0.06,6.18,0.00,0.00,86.25
2024-11-01 18:26:26,loop25,0.00,0.00,0.00,0.00,0.00,0.00,0.00,7.51,0.06,6.18,0.00,0.00,86.25
2024-11-01 18:26:26,loop26,0.00,0.00,0.00,0.00,0.00,0.00,0.00,7.51,0.06,6.18,0.00,0.00,86.25
2024-11-01 18:26:26,loop27,0.00,0.00,0.00,0.00,0.00,0.00,0.00,7.51,0.06,6.18,0.00,0.00,86.25
2024-11-01 18:26:26,loop28,0.00,0.00,0.00,0.00,0.00,0.00,0.00,7.51,0.06,6.18,0.00,0.00,86.25
2024-11-01 18:26:26,loop29,0.00,0.00,0.00,0.00,0.00,0.00,0.00,7.51,0.06,6.18,0.00,0.00,86.25
2024-11-01 18:26:26,loop3,0.00,0.00,0.00,0.00,0.00,0.00,0.00,7.51,0.06,6.18,0.00,0.00,86.25
2024-11-01 18:26:26,loop30,0.00,0.00,0.00,0.00,0.00,0.00,0.00,7.51,0.06,6.18,0.00,0.00,86.25
2024-11-01 18:26:26,loop31,0.00,0.00,0.00,0.00,0.00,0.00,0.00,7.51,0.06,6.18,0.00,0.00,86.25
2024-11-01 18:26:26,loop32,0.00,0.00,0.00,0.00,0.00,0.00,0.00,7.51,0.06,6.18,0.00,0.00,86.25
2024-11-01 18:26:26,loop33,0.00,0.00,0.00,0.00,0.00,0.00,0.00,7.51,0.06,6.18,0.00,0.00,86.25
2024-11-01 18:26:26,loop34,0.00,0.00,0.00,0.00,0.00,0.00,0.00,7.51,0.06,6.18,0.00,0.00,86.25
2024-11-01 18:26:26,loop35,0.00,0.00,0.00,0.00,0.00,0.00,0.00,7.51,0.06,6.18,0.00,0.00,86.25
2024-11-01 18:26:26,loop36,0.00,0.00,0.00,0.00,0.00,0.00,0.00,7.51,0.06,6.18,0.00,0.00,86.25
2024-11-01 18:26:26,loop37,0.00,0.00,0.00,0.00,0.00,0.00,0.00,7.51,0.06,6.18,0.00,0.00,86.25
2024-11-01 18:26:26,loop38,0.00,0.00,0.00,0.00,0.00,0.00,0.00,7.51,0.06,6.18,0.00,0.00,86.25
2024-11-01 18:26:26,loop39,0.00,0.00,0.00,0.00,0.00,0.00,0.00,7.51,0.06,6.18,0.00,0.00,86.25
2024-11-01 18:26:26,loop4,0.00,0.00,0.00,0.00,0.00,0.00,0.00,7.51,0.06,6.18,0.00,0.00,86.25
2024-11-01 18:26:26,loop40,0.00,0.00,0.00,0.00,0.00,0.00,0.00,7.51,0.06,6.18,0.00,0.00,86.25
2024-11-01 18:26:26,loop41,0.00,0.00,0.00,0.00,0.00,0.00,0.00,7.51,0.06,6.18,0.00,0.00,86.25
2024-11-01 18:26:26,loop42,0.00,0.00,0.00,0.00,0.00,0.00,0.00,7.51,0.06,6.18,0.00,0.00,86.25
2024-11-01 18:26:26,loop43,0.00,0.00,0.00,0.00,0.00,0.00,0.00,7.51,0.06,6.18,0.00,0.00,86.25
2024-11-01 18:26:26,loop44,0.00,0.00,0.00,0.00,0.00,0.00,0.00,7.51,0.06,6.18,0.00,0.00,86.25
2024-11-01 18:26:26,loop45,0.00,0.00,0.00,0.00,0.00,0.00,0.00,7.51,0.06,6.18,0.00,0.00,86.25
2024-11-01 18:26:26,loop46,0.00,0.00,0.00,0.00,0.00,0.00,0.00,7.51,0.06,6.18,0.00,0.00,86.25
2024-11-01 18:26:26,loop47,0.00,0.00,0.00,0.00,0.00,0.00,0.00,7.51,0.06,6.18,0.00,0.00,86.25
2024-11-01 18:26:26,loop48,0.00,0.00,0.00,0.00,0.00,0.00,0.00,7.51,0.06,6.18,0.00,0.00,86.25
2024-11-01 18:26:26,loop49,0.00,0.00,0.00,0.00,0.00,0.00,0.00,7.51,0.06,6.18,0.00,0.00,86.25
2024-11-01 18:26:26,loop5,0.00,0.00,0.00,0.00,0.00,0.00,0.00,7.51,0.06,6.18,0.00,0.00,86.25
2024-11-01 18:26:26,loop50,0.00,0.00,0.00,0.00,0.00,0.00,0.00,7.51,0.06,6.18,0.00,0.00,86.25
2024-11-01 18:26:26,loop51,0.00,0.00,0.00,0.00,0.00,0.00,0.00,7.51,0.06,6.18,0.00,0.00,86.25
2024-11-01 18:26:26,loop52,0.00,0.00,0.00,0.00,0.00,0.00,0.00,7.51,0.06,6.18,0.00,0.00,86.25
2024-11-01 18:26:26,loop53,0.00,0.00,0.00,0.00,0.00,0.00,0.00,7.51,0.06,6.18,0.00,0.00,86.25
2024-11-01 18:26:26,loop54,0.00,0.00,0.00,0.00,0.00,0.00,0.00,7.51,0.06,6.18,0.00,0.00,86.25
2024-11-01 18:26:26,loop55,0.00,0.00,0.00,0.00,0.00,0.00,0.00,7.51,0.06,6.18,0.00,0.00,86.25
2024-11-01 18:26:26,loop56,0.00,0.00,0.00,0.00,0.00,0.00,0.00,7.51,0.06,6.18,0.00,0.00,86.25
2024-11-01 18:26:26,loop6,0.00,0.00,0.00,0.00,0.00,0.00,0.00,7.51,0.06,6.18,0.00,0.00,86.25
2024-11-01 18:26:26,loop7,0.00,0.00,0.00,0.00,0.00,0.00,0.00,7.51,0.06,6.18,0.00,0.00,86.25
2024-11-01 18:26:26,loop8,0.00,0.00,0.00,0.00,0.00,0.00,0.00,7.51,0.06,6.18,0.00,0.00,86.25
2024-11-01 18:26:26,loop9,0.00,0.00,0.00,0.00,0.00,0.00,0.00,7.51,0.06,6.18,0.00,0.00,86.25
2024-11-01 18:26:26,nvme0n1,0.00,0.00,0.00,0.00,0.00,0.00,11.00,7.51,0.06,6.18,0.00,0.00,86.25
2024-11-01 18:26:26,nvme1n1,0.00,0.00,0.00,0.00,0.00,0.00,0.00,7.51,0.06,6.18,0.00,0.00,86.25
